Time,pm10 standard,pm25 standard,pm100 standard,temperature,gas,humidity,pressure,altitude
1708732841.8527284,1,1,1,35.43546875,18451,100,680.4278169050144,3235.066126130401
1708732842.8658564,1,1,1,21.6173046875,3826,32.89699437190349,1006.5483758227496,55.94560438314867
1708732843.8789566,1,1,1,21.631171875,5693,32.90393351096741,1006.540756384232,56.00938338675904
1708732844.8916216,1,1,1,21.6309765625,7658,32.89821294915698,1006.5301606936206,56.098075951089534
1708732845.9042373,1,1,1,21.62296875,9761,32.891796365721405,1006.5407319476556,56.0095879353337
1708732846.917308,1,1,1,21.61125,11954,32.87364542206035,1006.5416745012282,56.00169820826357
1708732847.9303484,1,1,1,21.5719921875,14200,32.864448321627236,1006.5787123678463,55.69167424418279
1708732848.943616,1,1,1,21.50734375,16367,32.86439602327012,1006.5681422668605,55.78014990496305
1708732849.955402,1,1,1,21.435859375,18664,32.8694384950812,1006.5546777913947,55.89285364180595
1708732850.9683206,1,1,1,21.355,21016,32.87364992637669,1006.5494640762024,55.93649511903947
1708732851.9812593,0,1,1,21.260078125,23455,32.90511209395206,1006.5258309845137,56.13431854470177
1708732852.9958978,0,1,1,21.1645703125,25796,32.94792585851224,1006.5114463039195,56.25472895669108
1708732854.0097384,0,1,1,21.07453125,28332,32.991230994853645,1006.5318257085777,56.08413868337565
1708732855.0239146,0,1,1,20.98,30800,33.056953266599365,1006.5446465963992,55.976820065007566
1708732856.0382721,0,1,1,20.8895703125,33207,33.1344667350877,1006.5523211629102,55.912579811415
1708732857.05142,0,1,1,20.808515625,35716,33.20713277390319,1006.5688106483325,55.77455528216841
1708732858.0644624,0,1,1,20.73625,38041,33.30344628770294,1006.5845960322898,55.64242611919327
1708732859.0775445,0,1,1,20.6704296875,40146,33.39466775924788,1006.590636317801,55.59186726900057
1708732860.0900888,0,1,1,20.612421875,42200,33.50378171524565,1006.5909378986586,55.58934296075541
1708732861.1030154,0,1,1,20.5618359375,45240,33.602184427838516,1006.5746022119099,55.72607768252469
1708732862.1160514,0,1,1,20.5258984375,46957,33.707683029577446,1006.5674049314792,55.78632170330792
1708732863.129149,0,1,1,20.5067578125,48500,33.85486925097831,1006.5558625369174,55.88293673806528
1708732864.142201,0,1,1,20.4966015625,50299,34.06611842040872,1006.5439844312264,55.98236276258927
1708732865.1552687,0,1,1,20.4911328125,52895,34.27809304097391,1006.522869048238,56.15911202734144
1708732866.168176,0,1,1,20.494453125,54862,34.5084418198554,1006.519885301776,56.18408813626356
1708732867.1811302,0,1,1,20.5036328125,56867,34.722400362381656,1006.5062085848217,56.29857288413269
1708732868.195711,0,1,1,20.517890625,58734,34.93714538447579,1006.5044495596844,56.31329738273614
1708732869.2102623,0,1,1,20.538203125,60597,35.14121357343708,1006.497447929749,56.37190703605865
1708732870.223455,0,1,1,20.5596875,62722,35.345684365705054,1006.5026578798456,56.328295249675854
1708732871.2365155,0,1,1,20.5846875,65052,35.5507800166718,1006.5000812577076,56.34986378165423
1708732872.249715,0,0,0,20.60734375,67076,35.73273285210894,1006.4987048328495,56.36138565376828
1708732873.262868,0,0,1,20.633515625,69174,35.86876918436717,1006.501501925738,56.3379715691191
1708732874.2758727,0,0,1,20.6628125,71104,36.02849958106674,1006.4992732242869,56.356627721985
1708732875.288898,0,0,1,20.6977734375,72892,36.15402467209205,1006.5013937330375,56.33887723453916
1708732876.301916,0,1,2,20.7333203125,74839,36.32634204547873,1006.5061988795817,56.29865412498198
1708732877.315066,0,1,2,20.7684765625,76753,36.463831231443606,1006.5052174596954,56.30686942050324
1708732878.3282018,0,1,2,20.805,78326,36.60743200850529,1006.503099874389,56.32459538165303
1708732879.341243,0,0,0,20.8458203125,80271,36.728221929628795,1006.5167141845978,56.21063273886728
1708732880.3544095,0,0,0,20.8848828125,82395,36.8255566945776,1006.5273811802039,56.12134234379461
1708732881.367409,0,0,0,20.9274609375,84211,36.94672113595543,1006.5405064598323,56.01147540175426
1708732882.3803844,0,0,1,20.970234375,86020,37.027012665168,1006.5488229264406,55.941861884886855
1708732883.3933985,0,0,1,21.008125,87634,37.08344016943627,1006.560931206378,55.84050958409996
1708732884.4064481,0,0,1,21.0466015625,89692,37.134091366949875,1006.5637550866529,55.816872449379574
1708732885.419533,0,0,1,21.0880078125,92150,37.1791895383441,1006.5663442998551,55.79519962968951
1708732886.4324543,0,0,1,21.1305859375,93899,37.20096060366627,1006.5606256780743,55.8430669952015
1708732887.4455898,0,0,1,21.1688671875,95283,37.21058462201028,1006.5528405917091,55.908231927042245
1708732888.458636,0,0,1,21.20578125,94772,37.202478515781934,1006.5444713109121,55.97828730353619
1708732889.4716263,0,0,1,21.24796875,95363,37.18902515947866,1006.5432060151809,55.98887854960129
1708732890.4847345,0,0,1,21.2909375,88745,37.15218879956259,1006.5432394722103,55.988598495068885
1708732891.4978056,0,0,1,21.3352734375,83708,37.115492001131265,1006.5387086164874,56.02652442594737
1708732892.5110486,0,0,1,21.3829296875,84977,37.07326362449076,1006.5397218236825,56.018043272986866
1708732893.5241215,0,0,1,21.4282421875,86730,37.03081259556158,1006.5385162134291,56.02813495591719
1708732894.5371494,0,0,1,21.4753125,88464,37.0471529325136,1006.5402410539944,56.01369700600564
1708732895.550304,0,0,1,21.52140625,90076,37.0340891863589,1006.5403231885995,56.01300949059972
1708732896.5634756,0,0,1,21.5684765625,90269,37.04457235830772,1006.5403175625635,56.01305658386096
1708732897.5764842,0,0,1,21.6118359375,90464,37.078151640346725,1006.5272510618602,56.122431522933866
1708732898.5896597,0,0,1,21.6563671875,89216,37.1705342252145,1006.5503655513213,55.928949295635206
1708732899.6027489,0,0,1,21.701875,90659,37.321819272853574,1006.6144765724252,55.39232018228071
1708732900.61578,0,1,2,21.7442578125,90561,37.47884603896301,1006.7127342699008,54.56992651214415
1708732901.629246,0,1,2,21.78625,91448,37.624240469541455,1006.8171917749186,53.69571319074372
1708732902.642646,0,1,2,21.82921875,91448,37.817039699831156,1006.9455454360647,52.6216115591382
1708732903.6566584,0,0,1,21.8716015625,91052,38.01004602008095,1007.0814895092979,51.48411198049378
1708732904.6697133,0,0,1,21.914765625,91948,38.17384869212631,1007.2067646646531,50.43599366495944
1708732905.6828277,0,0,1,21.957734375,92965,38.29050839340293,1007.3180226437421,49.505238968255036
1708732906.6959743,0,0,1,22.00109375,93482,38.407311193903716,1007.3939774537487,48.86986901486942
1708732907.709889,0,0,1,22.04328125,94612,38.48263992401319,1007.4508472565634,48.394172541908596
1708732908.7231803,0,0,1,22.0829296875,105078,38.439300812624836,1007.4897671013849,48.06863386707905
1708732909.7363043,0,0,1,22.11984375,112458,38.247780807866874,1007.5121206656383,47.881665739504044
1708732910.7493217,0,1,2,22.1563671875,118565,37.98557116549978,1007.5355302956174,47.685868141004434
1708732911.7624836,0,1,2,22.1926953125,121478,37.70017901104888,1007.5483315285745,47.57880048535777
1708732912.7743902,1,1,1,22.23078125,127658,37.433105601054926,1007.5692079966159,47.404195097595554
1708732913.7871237,0,0,0,22.2676953125,131553,37.13697999893187,1007.5829805923468,47.289006267108675
1708732914.8002112,0,0,0,22.305,134716,36.853152569599935,1007.5956886596916,47.182721884065934
1708732915.8131952,0,0,0,22.341328125,136465,36.56972181519172,1007.6016183116079,47.13312939616939
1708732916.8259027,0,0,0,22.3766796875,137582,36.280848213885264,1007.6110502082905,47.054246463127626
1708732917.839029,1,1,1,22.4118359375,140104,36.03912096203208,1007.6184372799455,46.992465682383916
1708732918.852059,1,1,1,22.4454296875,140573,35.80924833608708,1007.6197791679828,46.98124302153851
1708732919.8652003,1,1,1,22.478828125,143329,35.59131234925032,1007.6139342341667,47.0301262567701
1708732920.8778498,1,1,1,22.512421875,144686,35.373686706561884,1007.6066964056455,47.09065907803834
1708732921.8909402,1,1,2,22.5450390625,147478,35.19106002711751,1007.5961058968376,47.179232324437315
1708732922.9039905,1,1,2,22.5784375,148652,35.026093519065824,1007.5902440251618,47.22825814991725
1708732923.9170125,1,1,2,22.609296875,150380,34.84947541541593,1007.5818455911169,47.29849894394045
1708732924.9305058,1,1,2,22.6391796875,153679,34.69608494902921,1007.5855234424203,47.26773896125058
1708732925.9432287,1,1,2,22.6688671875,154102,34.537042761654135,1007.5905854522379,47.225402614639115
1708732926.9568756,1,1,2,22.6989453125,153679,34.389733677158354,1007.598011454374,47.163295223655716
1708732927.9714282,1,1,2,22.72921875,154954,34.27717294504077,1007.6006171560336,47.141502517907085
1708732928.98599,1,1,2,22.75890625,156395,34.14734475229243,1007.6005249380883,47.14227377908411
1708732930.0026042,1,1,2,22.787421875,157716,34.04054150551232,1007.6070430606777,47.08775985693244
1708732931.015725,1,1,2,22.817109375,158310,33.93391406546129,1007.61037287289,47.05991128505118
1708732932.0287416,1,1,2,22.8466015625,159511,33.838837438312254,1007.6116577849373,47.0491650636763
1708732933.0412374,1,1,2,22.875703125,160731,33.76102146367556,1007.6140008889321,47.02956879825287
1708732934.0551007,1,1,2,22.90421875,161659,33.68318578874753,1007.6016414343635,47.13293601007195
1708732935.0683622,0,0,1,22.93390625,163070,33.59974916535884,1007.5998110407666,47.14824443329545
1708732936.0818453,0,0,1,22.9628125,164024,33.51054115316777,1007.6069614965538,47.08844201176053
1708732937.0954442,0,0,1,22.9909375,164667,33.432780709499085,1007.611087998774,47.053930406565854
1708732938.107434,1,1,2,23.0184765625,165967,33.33206751244298,1007.6176626118125,46.99894449796518
1708732939.1204238,1,1,2,23.0450390625,167289,33.248514726395626,1007.6226023825849,46.95763156806057
1708732940.1334383,1,1,1,23.06984375,169823,33.17056999391661,1007.6160248889211,47.012641350094725
1708732941.1464946,1,1,1,23.0926953125,171381,33.086759351257726,1007.6216194105067,46.965852474227106
1708732942.1595879,1,1,1,23.114765625,171381,32.99719900664349,1007.6276219928654,46.915651082044796
1708732943.1726925,1,1,2,23.1360546875,172968,32.924770192111396,1007.6323173183499,46.876382839004684
1708732944.1858456,1,1,2,23.1559765625,174404,32.86368062408713,1007.6261482571796,46.92797635208835
1708732945.199078,1,1,2,23.17609375,174585,32.80263038733629,1007.6185877296953,46.991207419942704
1708732946.2121415,1,1,2,23.193671875,176232,32.7585090840201,1007.610213891865,47.06124090623832
1708732947.2252066,1,1,2,23.21203125,176417,32.72017974665887,1007.6065751047508,47.09167356837097
1708732948.2382984,1,1,2,23.229609375,178666,32.68749781615101,1007.6033451049066,47.11868745024307
1708732949.2514296,1,1,2,23.24484375,178856,32.654611021859814,1007.5996293933667,47.149763635248455
1708732950.264455,1,1,2,23.2614453125,180198,32.61614539679786,1007.5999125852903,47.14739516916761
1708732951.2774591,1,1,2,23.27375,180392,32.560186138103695,1007.6015953778953,47.13332120121651
1708732952.2898684,0,1,1,23.28234375,182151,32.52672826064985,1007.6022255518299,47.1280507718761
1708732953.3029795,0,1,1,23.2909375,184753,32.470467935227646,1007.6028554129821,47.12278296114196
1708732954.3159845,0,1,1,23.2950390625,185242,32.41382671665869,1007.5994119470957,47.15158224014747
1708732955.3291209,0,1,1,23.2938671875,186707,32.351039346122185,1007.602602071303,47.124901770679294
1708732956.342206,0,1,1,23.2899609375,190143,32.282341449637336,1007.5960759582282,47.179482715724355
1708732957.3566892,0,1,1,23.28625,189381,32.21938618068263,1007.6036038680072,47.11652330023962
1708732958.3712685,0,1,1,23.28234375,191022,32.162131282759916,1007.6022255518299,47.1280507718761
1708732959.3853889,0,1,1,23.2753125,192805,32.110310479195284,1007.6024899485498,47.12583950344225
1708732960.3996449,0,1,1,23.265546875,195542,32.052582315080116,1007.6050493411983,47.1044341783236
1708732961.4201462,0,1,1,23.255390625,195426,31.98916192938306,1007.6018079420661,47.131543430716896
1708732962.4379833,0,1,1,23.2458203125,197175,31.92582324480685,1007.6064085796892,47.09306628757382
1708732963.4522,0,1,1,23.232734375,197293,31.867882671297806,1007.6085663867368,47.075019653177236
1708732964.4652598,0,0,0,23.2200390625,198596,31.827029013011725,1007.6062286478342,47.09457113364749
1708732965.4783096,0,0,0,23.2059765625,198955,31.791743022113856,1007.5981744122188,47.161932329393096
1708732966.4916692,0,0,0,23.1938671875,199195,31.76231173488738,1007.6071087975388,47.08721007214398
1708732967.5052965,0,0,0,23.1801953125,200402,31.727079133504652,1007.6048529691546,47.106076522433796
1708732968.5195048,0,0,0,23.1675,201379,31.720295492357373,1007.6042281670078,47.111302014039225
1708732969.5332923,0,0,0,23.1559765625,201379,31.71928610209462,1007.5986983392772,47.15755047844941
1708732970.5458558,0,0,0,23.14640625,200767,31.724118906932436,1007.5981472923829,47.162159145516426
1708732971.5590277,0,0,0,23.1378125,202241,31.76874149211481,1007.5940809524136,47.19616794233972
1708732972.572142,0,0,0,23.12765625,203737,31.79621711281003,1007.5856879477363,47.26636311094001
1708732973.5851557,1,1,1,23.119453125,204367,31.835218641622458,1007.5839894225142,47.28056883967864
1708732974.5981903,1,1,1,23.1083203125,205638,31.891003164215963,1007.5842571078438,47.278330034325705
1708732975.6113253,1,1,1,23.0971875,206023,31.91273468152393,1007.5810933062622,47.304790745424285
1708732976.6244292,0,0,0,23.088203125,205255,31.94033684905351,1007.578088308109,47.329923353472985
1708732977.6375675,0,0,0,23.0805859375,206280,31.962383967488435,1007.5705059970103,47.39333905420294
1708732978.650681,0,0,0,23.0723828125,208098,32.00142531892863,1007.5705214619059,47.393209711032625
1708732979.663765,0,0,0,23.063984375,209682,32.023411551818995,1007.5650641247433,47.43885313884553
1708732980.6768527,0,0,0,23.0583203125,210081,32.06837551177663,1007.560745224988,47.474975181094784
1708732981.6898937,0,0,0,23.0536328125,209948,32.085013893628606,1007.5597735059968,47.483102378081725
1708732982.703278,0,0,0,23.0493359375,211020,32.090318770007556,1007.5543084652471,47.528810631177016
1708732983.7165024,0,0,0,23.046015625,212649,32.101394995210775,1007.5607672721422,47.47479078468328
1708732984.7289565,0,0,0,23.04171875,213749,32.11238561599794,1007.5587327710492,47.49180681305456
1708732985.7420735,1,1,1,23.0376171875,214164,32.11202301258024,1007.55359399441,47.53478630389894
1708732986.755194,1,1,1,23.0356640625,214860,32.11185034978422,1007.5417536593579,47.6338166917924
1708732987.7679949,1,1,1,23.03390625,215280,32.12875192281682,1007.5405315152086,47.64403853466027
1708732988.7809122,0,0,0,23.0356640625,214026,32.16871496067962,1007.5451842537972,47.605123732974505
1708732989.7945905,0,0,0,23.038203125,213473,32.20306945231928,1007.5494272359381,47.56963619907756
1708732990.8079507,0,0,0,23.0376171875,216266,32.24853625901421,1007.5518786914113,47.54913272479476
1708732991.8202937,0,1,1,23.0360546875,215983,32.27116229095954,1007.5544135134182,47.52793203228741
1708732992.832864,0,1,1,23.03546875,217404,32.282493930896656,1007.5534343561723,47.53612148253359
1708732993.845461,0,1,1,23.0329296875,218554,32.27657658004623,1007.545760764098,47.60030189816604
1708732994.858164,1,1,1,23.029609375,218988,32.25920757542668,1007.5453580800963,47.60366987892566
1708732995.8708222,1,1,1,23.026484375,218988,32.23047788848963,1007.553858104285,47.532577348148465
1708732996.8838987,1,1,1,23.023359375,221334,32.207443080760356,1007.5554969429745,47.51887047947171
1708732997.8965116,0,1,1,23.0192578125,222826,32.18432570422778,1007.5606495249258,47.47577559046485
1708732998.9090724,0,1,1,23.014375,222376,32.155456240497145,1007.5576354113269,47.500984850716286
1708732999.9221554,0,1,1,23.014765625,222526,32.1441175323909,1007.5548577152642,47.52421683041041
1708733000.9365234,1,1,1,23.01125,223428,32.14949302149325,1007.5524130987255,47.54466305622799
1708733001.9502554,1,1,1,23.0048046875,222826,32.148922819233384,1007.5485029666511,47.57736660962573
1708733002.9633029,1,1,1,23.002265625,222976,32.143011842399986,1007.5459750375733,47.598509751569075
1708733003.9762783,0,0,0,23.00109375,223731,32.14859453850782,1007.5423014588373,47.62923497675929
1708733004.9902308,0,0,0,22.9977734375,226025,32.13692844030469,1007.5418983409942,47.63260659547116
1708733006.0043442,0,0,0,22.996015625,225255,32.1310871607236,1007.5389607786533,47.657175970442836
1708733007.0173216,0,1,1,22.993671875,226956,32.14225176490794,1007.5316136616393,47.71862651954603
1708733008.030323,1,2,2,22.9915234375,229796,32.136375757232166,1007.5331688659182,47.70561891681693
1708733009.042963,1,2,2,22.98859375,229000,32.1474888451383,1007.5368487969496,47.67484033622585
1708733010.055992,1,3,3,22.987421875,228368,32.14169902446287,1007.5383207494876,47.66252909570418
1708733011.0686316,1,3,3,22.988984375,230759,32.13046549772149,1007.5357864191376,47.68372595022994
1708733012.0817769,1,3,3,22.98859375,229956,32.12474544856051,1007.5299881084771,47.7322225320204
1708733013.0945706,2,4,5,22.987421875,230116,32.107586704728654,1007.5245993983668,47.77729345192161
1708733014.1073155,2,4,5,22.983515625,233036,32.07882103605982,1007.5146412026602,47.860583849757774
1708733015.1203477,2,4,5,22.9798046875,233365,32.04439644265706,1007.5050094536422,47.94114448003843
1708733016.1333888,3,5,6,22.9753125,235695,32.015592512118104,1007.5077932787001,47.91786030621414
1708733017.146501,3,5,6,22.973359375,234358,31.987018391601037,1007.504529345057,47.945160158532246
1708733018.1595445,3,5,6,22.9727734375,233860,31.95857043955152,1007.498404781136,47.99638678861226
1708733019.172586,3,5,8,22.9723828125,235359,31.94150095262473,1007.4960368713479,48.01619235425107
1708733020.1857746,3,5,8,22.97375,234192,31.91891080075952,1007.503467000596,47.95404572438322
1708733021.1989074,3,5,8,22.977265625,235359,31.92489720083222,1007.5110572153978,47.89056049995254
1708733022.2119434,3,6,9,22.9815625,236200,31.936630455688398,1007.5233833449641,47.78746449282773
1708733023.2250144,3,6,9,22.985078125,235695,31.94829610218607,1007.5344039680218,47.695288634359876
1708733024.238102,3,6,9,22.9883984375,237217,31.95426684428545,1007.5330920558308,47.706261349792285
1708733025.251259,4,7,10,22.990546875,237729,31.960134754656206,1007.5332520659435,47.70492303899522
1708733026.2634501,4,7,10,22.9891796875,239104,31.96001441233218,1007.5206762564223,47.81010655085531
1708733027.2769969,4,7,10,22.98859375,239798,31.954284033258787,1007.5162667370022,47.84698782700706
1708733028.2909439,4,7,10,22.990546875,238243,31.94877731886052,1007.5126699469057,47.87707152161056
1708733029.3114133,4,7,10,22.9934765625,239798,31.93200053424561,1007.5107050570103,47.89350597512463
1708733030.3290462,4,7,10,22.99875,239104,31.943820706705935,1007.5160871415118,47.848489968730014
1708733031.3422,5,8,11,23.00421875,233365,31.9783766375787,1007.5217955778826,47.80074455281288
1708733032.3553686,5,8,11,23.009296875,235527,32.02426990800798,1007.5251359779812,47.772805516314364
1708733033.3684926,5,8,11,23.014765625,239277,32.087264584399016,1007.5377052936669,47.66767669512473
1708733034.3816216,6,9,13,23.01828125,239972,32.11031380717976,1007.5435802895713,47.61853903067883
1708733035.394814,6,9,13,23.019453125,240671,32.12178809698178,1007.5472538782956,47.58781375352124
1708733036.4078534,6,9,13,23.0227734375,240496,32.12776739651471,1007.551087243171,47.555752232262535
1708733037.4209146,6,9,12,23.026484375,241904,32.10535377044174,1007.5487122838699,47.575615920165504
1708733038.433982,6,9,12,23.0309765625,241374,32.100065856915066,1007.5493580632856,47.57021474563818
1708733039.4470687,6,9,12,23.0364453125,239624,32.10623417322327,1007.5533509850695,47.53681877992238
1708733040.4600863,6,9,13,23.042109375,239798,32.1124201504726,1007.5542395958043,47.52938663949156
1708733041.4731271,6,9,13,23.0446484375,242614,32.10695928007561,1007.5533366186439,47.53693893752142
1708733042.4861956,6,9,13,23.0450390625,242970,32.095623775392504,1007.5488434156987,47.57451915860334
1708733043.4992309,5,8,10,23.0462109375,242792,32.055939151899736,1007.5387944243668,47.658567336978166
1708733044.5122693,5,8,10,23.0466015625,242792,32.038924897068036,1007.5308705508344,47.724841843918625
1708733045.5261703,5,8,10,23.0501171875,244047,32.010824811007296,1007.5281686238159,47.747440594994494
1708733046.5397952,4,6,8,23.055390625,243328,31.988565337337064,1007.5198272057238,47.817208011468246
1708733047.5527372,4,6,8,23.0598828125,242792,32.006004484150594,1007.5204722341228,47.81181299305905
1708733048.5657191,4,6,8,23.0618359375,245862,32.0118582542849,1007.5168744399737,47.84190498390717
1708733049.5788002,4,6,7,23.063203125,244951,32.00629726701298,1007.5054360488426,47.9375763943992
1708733050.5918996,4,6,7,23.0657421875,244408,32.02356662854209,1007.5045326142116,47.94513281497372
1708733051.6049626,4,6,7,23.0690625,245314,32.01249560778169,1007.5032191931679,47.9561184140423
1708733052.6181352,4,6,7,23.0704296875,245862,32.018298075236345,1007.5020729240681,47.9657059452159
1708733053.631318,4,6,7,23.073359375,246595,31.978787775420866,1007.4983913076076,47.996499483196715
1708733054.6443465,4,6,7,23.076875,246412,31.97909759627343,1007.5111273086072,47.8899742359887
1708733055.6573482,3,5,6,23.081171875,246964,31.973795825723347,1007.5097300964419,47.90166061173518
1708733056.6704686,3,5,6,23.0860546875,246228,31.985587370131444,1007.5127426996705,47.87646301374642
1708733057.6836085,3,5,6,23.088203125,248449,32.01418396722608,1007.509470862743,47.90382886112216
1708733058.6967175,3,5,5,23.09171875,249010,32.00881217592404,1007.5067679965272,47.92643585638669
1708733059.7107463,2,4,4,23.092109375,247519,31.991802153272182,1007.5074206973176,47.920976608816325
1708733060.724545,2,4,4,23.0915234375,251856,31.991750492145414,1007.5064416461777,47.92916548086582
1708733061.738039,1,3,3,23.09015625,253013,31.974587560951797,1007.5041571945839,47.948272865134065
1708733062.7533863,1,3,3,23.0930859375,252240,31.952125543433723,1007.5004752175772,47.97906936718925
1708733063.7679925,1,3,3,23.095234375,251664,31.95799452103803,1007.4954877871953,48.02078498485855
1708733064.7822561,1,1,1,23.0993359375,251282,31.958355849332982,1007.495479199766,48.02085681155199
1708733065.7966933,1,1,1,23.1003125,251664,31.947082484398045,1007.4833872035281,48.12199678118894
1708733066.809592,1,1,1,23.1028515625,254964,31.95298572793669,1007.4859141533202,48.10086076670915
1708733067.8223991,1,1,1,23.102265625,253013,31.952934114377506,1007.4866506037355,48.0947009267755
1708733068.8350587,1,1,1,23.1051953125,254571,31.92479616830987,1007.4863992775153,48.09680307643186
1708733069.847683,2,2,2,23.10734375,254571,31.9079502748376,1007.489989008531,48.06677779025512
1708733070.8607967,0,0,0,23.1102734375,254180,31.885497684878715,1007.4897376290362,48.06888037986973
1708733071.873423,0,0,0,23.11125,256746,31.891260831950845,1007.4982312956143,47.99783784721124
1708733072.8860548,0,0,0,23.10734375,258959,31.86253341898227,1007.4951354585271,48.023731921141106
1708733073.8987467,0,0,0,23.1044140625,260386,31.84524843585987,1007.4971022501236,48.00728135585688
1708733074.9123108,0,0,0,23.101875,258959,31.822325311274604,1007.4962907361318,48.014068987924816
1708733075.9253154,0,0,0,23.1012890625,259569,31.805251175173943,1007.4987426414924,47.99356087513454
1708733076.9384327,0,0,0,23.100703125,260797,31.81087376244951,1007.4994790748337,47.987401241520075
1708733077.9515703,0,0,0,23.09875,261209,31.79368110059665,1007.4996465505802,47.98600045097581
1708733078.964687,0,0,0,23.096796875,261209,31.799183279670913,1007.5066758329452,47.92720672103381
1708733079.9777734,0,0,0,23.0926953125,263920,31.781803777152177,1007.5049688576421,47.94148402917422
1708733080.990864,0,0,0,23.08625,262454,31.78691154268726,1007.5079227677321,47.91677724907634
1708733082.0038908,0,0,0,23.0815625,262245,31.769482582508655,1007.4983748951317,47.996636759563536
1708733083.0169969,0,0,0,23.076484375,262662,31.75202179981898,1007.4967513743993,48.010216135667505
1708733084.0296705,0,0,0,23.07140625,262662,31.74023438686185,1007.483120047502,48.1242313408091
1708733085.0427835,0,0,0,23.067890625,259977,31.72291450474554,1007.482391879363,48.13032192314409
1708733086.0558832,0,0,0,23.0598828125,261416,31.71087356859269,1007.4775882768279,48.170500558016776
1708733087.0686605,0,0,0,23.0503125,263500,31.69302823988022,1007.4684583428018,48.24686623083707
1708733088.0832448,0,0,0,23.0380078125,266904,31.674946760852514,1007.4616205074558,48.30406042807265
1708733089.0975509,0,0,0,23.02296875,268639,31.645295418405077,1007.4587895329294,48.32773984361187
1708733090.11179,0,0,0,23.0087109375,267768,31.621385640512923,1007.4572631427562,48.34050721051875
1708733091.1263564,0,0,0,22.9969921875,269076,31.626028861284848,1007.4548331600515,48.360832636239664
1708733092.139055,0,0,0,22.9860546875,270618,31.613743572652126,1007.4605687845577,48.3128574573308
1708733093.15208,0,0,0,22.9753125,268639,31.618471854267906,1007.4649149316564,48.276504599911725
1708733094.1651387,0,0,0,22.9653515625,271284,31.61760302864307,1007.4602753258895,48.31531206385044
1708733095.1777637,0,0,0,22.95421875,270397,31.622297258018598,1007.4588223430577,48.32746540612778
1708733096.1904032,0,0,0,22.943671875,271507,31.621377394993072,1007.4566329780677,48.34577817655184
1708733097.2035375,0,0,0,22.933515625,269955,31.62615681381087,1007.4585260160266,48.32994400827484
1708733098.216575,0,0,0,22.9247265625,271954,31.631055532646457,1007.4506983327458,48.395418210375496
1708733099.2296367,0,0,0,22.91515625,272178,31.635886173015773,1007.4569996914149,48.34271082949725
1708733100.2426794,0,0,0,22.9065625,273077,31.635136620492453,1007.4494979319077,48.40545892988053
1708733101.2556963,0,0,0,22.901484375,269076,31.65735655953445,1007.454731018283,48.3616869950106
1708733102.268687,0,0,0,22.8940625,269295,31.67370809938918,1007.4509022699718,48.393712384068046
1708733103.2816947,0,0,0,22.887421875,269735,31.6787951716722,1007.4535236903821,48.37178562303882
1708733104.2948,0,0,0,22.8794140625,268639,31.706432696088207,1007.4555748553288,48.354628772126816
1708733105.307834,0,0,0,22.8723828125,270176,31.7114863637559,1007.4489686063366,48.409886462014
1708733106.3209143,0,0,0,22.864765625,269076,31.716488922496197,1007.4482423973132,48.41596082452962
1708733107.3340096,0,0,0,22.8575390625,270840,31.7215256929883,1007.4550280638555,48.359202375106875
1708733108.347083,0,0,0,22.8489453125,271507,31.732111565594508,1007.4475247900311,48.42196324141597
1708733109.360097,0,0,0,22.8399609375,273303,31.748332852143882,1007.4445128637028,48.44715649823193
1708733110.373177,0,1,1,22.83078125,273077,31.74186140144677,1007.4497479811055,48.40336739950727
1708733111.3862605,0,1,1,22.818671875,273529,31.735134482784524,1007.4483713600764,48.41488211752197
1708733112.399316,0,1,1,22.8065625,274437,31.739744787860594,1007.450423507498,48.397716977678876
1708733113.4123325,0,1,1,22.79484375,278366,31.738720814330897,1007.4565571196661,48.346412688738084
1708733114.425321,0,1,1,22.7813671875,275811,31.74321168495798,1007.4597518507444,48.31969062228538
1708733115.4384565,0,1,1,22.765546875,274894,31.74182951319629,1007.4504552875526,48.39745115437105
1708733116.4515588,0,1,1,22.7493359375,273982,31.76308716124122,1007.4439342218922,48.45199655445255
1708733117.4646406,0,1,1,22.7368359375,269076,31.779001919644095,1007.4419005658388,48.4690071122675
1708733118.4777477,0,1,1,22.728828125,264342,31.812321577416242,1007.4336591477992,48.5379429073121
1708733119.4909115,0,1,1,22.7247265625,261830,31.857334426388775,1007.4302324122651,48.56660615979586
1708733120.503965,0,1,1,22.724140625,261416,31.896995034376566,1007.4241096306686,48.617820940321
1708733121.5170753,0,1,1,22.72609375,259365,31.965269699436014,1007.418801873334,48.66221855134418
1708733122.5310032,1,1,1,22.7315625,258150,32.00549245743029,1007.4210847446295,48.64312307492739
1708733123.54568,1,1,1,22.738203125,257546,32.04583036223071,1007.4098957265679,48.73671590936661
1708733124.5587664,1,1,1,22.746796875,256746,32.08635260862008,1007.4105433516853,48.731298693413834
1708733125.5718658,1,1,1,22.756953125,255555,32.12134213122955,1007.4069440115894,48.76140627448326
1708733126.5848649,1,1,1,22.770234375,256348,32.15661735041043,1007.4085670997869,48.74782953624878
1708733127.597895,1,1,1,22.7856640625,257948,32.18640676962435,1007.4120656098389,48.718565410305914
1708733128.6109834,1,1,1,22.8020703125,255951,32.20491638830849,1007.413766026693,48.70434189564949
1708733129.6239977,1,1,1,22.820234375,256746,32.223585113778306,1007.4201178504787,48.65121082596754
1708733130.6369672,1,1,1,22.8403515625,256746,32.23674202824633,1007.4160145625448,48.68553354767651
1708733131.6499863,1,1,1,22.8602734375,255161,32.24419496554116,1007.4235865875876,48.62219601196629
1708733132.663039,1,1,1,22.88078125,256348,32.26308011950257,1007.4201323642487,48.65108942301687
1708733133.6759963,1,1,1,22.9016796875,256149,32.24786339483603,1007.420758701986,48.645850313528825
1708733134.6891181,1,1,1,22.9231640625,255555,32.26114729540129,1007.4223622905859,48.632436833521005
1708733135.7025833,1,1,1,22.946015625,257747,32.25179315874981,1007.4296786830064,48.5712378878011
1708733136.7167575,1,1,1,22.9676953125,256149,32.248025267452455,1007.4281745827772,48.58381910652013
1708733137.7313247,0,0,0,22.9891796875,254964,32.249930374665965,1007.4246267571559,48.613495360714204
1708733138.745784,0,0,0,23.0096875,251091,32.22329910282498,1007.4348818602081,48.527715433182294
1708733139.7584648,0,0,0,23.030390625,247890,32.230824250836136,1007.4351704354843,48.52530162405148
1708733140.7715542,0,1,1,23.0503125,243867,32.23259092019474,1007.4392977329469,48.49077860199588
1708733141.7845662,0,1,1,23.0700390625,242970,32.21727018161224,1007.4465279394336,48.430301391169884
